name,address,phone,email,lat,lng,url,country,state,city,star_count,rating_count,zip,primary_category_name,category_name
"The Heart Of Europe - Dubai","The World Islands - Dubai - United Arab Emirates","+971 4 818 1481","sales@thoe.com",25.2316064,55.1615204,"https://thoe.com/","United Arab Emirates","Dubai","Dubai",4.2,451,"","Tourist attractions","Tourist attractions"
"Al Jiyad Stables","R6FQ+H5R - Al Qudra Rd - Dubai - United Arab Emirates","+971 50 599 5866","info@aljiyadstables.com",24.823718,55.2376964,"http://www.aljiyadstables.com/","United Arab Emirates","Dubai","Dubai",4.6,490,"","Tourist attractions","Tourist attractions"
"Dubai Marina Cruise","Marina Plaza - offcie no 2192 - Dubai Marina - Dubai - United Arab Emirates","+971 56 324 1343","info@dubaidunebuggytours.com",25.0753976,55.1398252,"http://dubaidunebuggytours.com/dhow-cruise-Marina21.html","United Arab Emirates","Dubai","Dubai",4.5,27,"","Tourist attractions","Boat tour agencies,Cruise line companies,Tourist attractions"
"Dubai Butterfly Garden","Al Barsha South 3, Dubailand Area, Beside Dubai Miracle Garden - Dubai - United Arab Emirates","+971 4 422 8902","support@the-miracle-garden.com",25.0618046,55.2465608,"http://www.dubaibutterflygarden.com/","United Arab Emirates","Dubai","Dubai",4.4,8812,"","Tourist attractions","Tourist attractions,Gardens"
"Sky Walker Yacht Tours","Dubai International Marine Club - Dubai - United Arab Emirates","+971 4 548 3302","charter@skywalker.ae",25.0921883,55.1421092,"http://www.skywalker.ae/","United Arab Emirates","Dubai","Dubai",4.8,40,"","Tourist attractions","Tourist attractions"
"Hatta Outdoor","Wadi Hub at Hatta Resorts by Dubai Holdings - Wadi Hub - Sufayri - Fujairah - Dubai - United Arab Emirates","+971 50 136 0085","info@hattaoutdoor.com",24.8150069,56.1609184,"https://hattaoutdoor.com/","United Arab Emirates","Dubai","Dubai",4.8,17,"","Tourist attractions","Tourist attractions,Recreation centers,Sports complexes,Water parks,Adventure sports,Cycling parks,Archery ranges"
"Dancing Fountain","Global Village - Dubai - United Arab Emirates","+971 4 362 4114","info@globalvillage.ae",25.0697996,55.3076218,"https://www.globalvillage.ae/","United Arab Emirates","Dubai","Dubai",4.5,1481,"","Tourist attractions","Tourist attractions"
"Riverland Dubai","Sheikh Zayed Rd - Dubai - United Arab Emirates","+971 800 2629464","info@riverlanddubai.com",24.9207145,55.0082055,"https://www.riverlanddubai.com/en","United Arab Emirates","Dubai","Dubai",4.5,12557,"","Tourist attractions","Parks,Theme parks,Tourist attractions,Entertainers"
"Dubai Tour Booking","Al Habtoor Alkhabaisi - Dubai - United Arab Emirates","+971 55 738 2677","admin@dubaimorningdesertsafari.com",25.1824158,55.2546094,"https://www.dubaitourbooking.com/","United Arab Emirates","Dubai","Dubai",0,0,"","Tourist attractions","Tourist attractions"
"Dubai Dune Buggy By Desert Safari Fun Trip","Falcon Tower - Sheikh Zayed Rd - Business Bay - Dubai - United Arab Emirates","+971 52 317 3547","info@desertsafarifuntrip.com",25.1934839,55.2632585,"http://www.desertsafarifuntrip.com/","United Arab Emirates","Dubai","Dubai",5,1,"","Tourist attractions","Adventure sports,Tourist attractions"
"Al Fahidi Historical Neighbourhood","Al Fahidi - Dubai - United Arab Emirates","+971 800 33222","info@dubaiculture.ae",25.2642363,55.3002643,"https://dubaiculture.gov.ae/ar/attractions/heritage-sites/al-fahidi-historical-neighbourhood","United Arab Emirates","Dubai","Dubai",4.5,12663,"","Tourist attractions","Historical landmarks,Cultural centers,Tourist attractions"
"Desert Squad Tourism","hadi plaza building, Office no: 101, floor - 1 - Deira - Dubai - United Arab Emirates","+971 55 298 8128","desertsquad22@gmail.com",25.2652834,55.3218993,"https://desertsquadtourism.com/","United Arab Emirates","Dubai","Dubai",5,21,"","Tourist attractions","Tourist attractions,Sightseeing Tour Operators,Sightseeing tour agencies"
"Dubai Miracle Garden","Street 3 - Al Barsha - Al Barsha South - Dubai - United Arab Emirates","+971 4 422 8902","support@the-miracle-garden.com",25.0600069,55.2444647,"https://www.dubaimiraclegarden.com/","United Arab Emirates","Dubai","Dubai",4.6,74297,"","Tourist attractions","Parks,Tourist attractions,Gardens"
"La Mer","45 2A St - Jumeirah - Jumeirah 1 - Dubai - United Arab Emirates","+971 4 590 5090","info@j1beach.com",25.2284705,55.2589653,"http://www.j1beach.com/","United Arab Emirates","Dubai","Dubai",4.6,21416,"","Tourist attractions","Tourist attractions"
"Dubai Access","Dubai - United Arab Emirates","+971 58 501 0213","contact@dubai-access.com",25.2048493,55.2707828,"https://dubai-access.com/","United Arab Emirates","Dubai","Dubai",5,8,"","Tourist attractions","Tourist attractions"
"Desert safari tourism","Business Bay - Dubai mall - Dubai - United Arab Emirates","+971 55 568 6579","desertsafaritourism@outlook.com",25.179696,55.2673064,"https://desertsafaristourism.com/","United Arab Emirates","Dubai","Dubai",4.9,18,"","Tourist attractions","Tourist attractions"
"ARABIAN FUN TOUR","Downtown Dubai - Dubai - United Arab Emirates","+971 52 453 2996","sales@arabianfuntour.com",25.2008886,55.2754177,"https://arabianfuntour.com/","United Arab Emirates","Dubai","Dubai",0,0,"","Tourist attractions","Tourist attractions"
"Oyeah Dubai","Jumeirah St - Umm Suqeim - Jumeirah 3 - Dubai - United Arab Emirates","+971 52 881 1986","oyeahdubai@gmail.com",25.1562764,55.2045997,"https://www.oyeahdubai.com/","United Arab Emirates","Dubai","Dubai",4.8,12,"","Tourist attractions","Tourist attractions"
"Mermaids of Arabia","Dubai Mall on Financial Center Street - Dubai - United Arab Emirates","+971 52 509 5256","info@mermaidsofarabia.com",25.1987531,55.2796295,"http://mermaidsofarabia.com/","United Arab Emirates","Dubai","Dubai",4.7,350,"","Tourist attractions","Children's amusement centers,Theme parks,Tourist attractions"
"Xtreme Wake Dubai Marina","Dubai Marina - Dubai - United Arab Emirates","+971 56 342 3012","info@xtremewakeuae.com",25.0689372,55.1313832,"http://www.xtremewakeuae.com/","United Arab Emirates","Dubai","Dubai",4.3,94,"","Tourist attractions","Surf schools,Tourist attractions"
"Dubai Harbour","Dubai Marina - Dubai - United Arab Emirates","+971 4 208 9222","info@dubaiharbour.com",25.0922804,55.1418394,"https://www.dubaiharbour.com/?utm_source=google&utm_campaign=local_search&utm_medium=organic&utm_content=","United Arab Emirates","Dubai","Dubai",4.7,3797,"","Tourist attractions","Tourist attractions"
"Evening Desert Safari Dubai Deals","Ubora Towers - Tower - Dubai - United Arab Emirates","+971 50 603 7976","info@realdesertsafari.com",25.1800487,55.2702963,"http://www.realdesertsafari.com/","United Arab Emirates","Dubai","Dubai",0,0,"","Tourist attractions","Tourist attractions"
"Dubai Dino","57WH+QRV - Downtown Dubai - Dubai - United Arab Emirates","+971 800 382246255","enquiry@thedubaimall.com",25.1969801,55.2795411,"https://www.thedubaimall.com/","United Arab Emirates","Dubai","Dubai",4.6,454,"","Tourist attractions","Tourist attractions"
"Badshah Tourism LLC , Dubai","Business Bay - Dubai - United Arab Emirates","+971 54 523 6969","info@badshahtourism.ae",25.1831647,55.272887,"https://badshahtourism.ae/","United Arab Emirates","Dubai","Dubai",4.9,27,"","Tourist attractions","Tourist attractions"
"Maha Balloons Dubai","Building 52 A 26B St - Deira - Dubai - United Arab Emirates","+971 50 417 9392","fly@mahab.net",25.2636704,55.325009,"https://mahab.net/","United Arab Emirates","Dubai","Dubai",3.7,9,"","Tourist attractions","Tourist attractions"
"Dubai Safaris Tour","Al Rolla Rd - Bur Dubai - Dubai - United Arab Emirates","+971 54 333 0496","info@dubaisafaristour.com",25.2575588,55.2857919,"http://www.dubaisafaristour.com/","United Arab Emirates","Dubai","Dubai",4.6,100,"","Tourist attractions","Travel agencies,Tourist attractions,Sightseeing Tour Operators,Sightseeing tour agencies,Tour operators,Tour agencies"
"RED Desert Safari","57P7+9H9 - Marasi Dr - Business Bay - Dubai - United Arab Emirates","+971 50 960 6567","info@reddesertsafari.com",25.1859028,55.263997,"https://reddesertsafari.com/","United Arab Emirates","Dubai","Dubai",4.8,13,"","Tourist attractions","Tourist attractions"
"Desert Thrill Tourism Dubai","Arbana 1, Block 2, 102 - South Ammar - Dubai - United Arab Emirates","+971 54 483 3877","mehmood.desertthrill@gmail.com",25.2048493,55.2707828,"https://dubaidesertsafarithrill.com/","United Arab Emirates","Dubai","Dubai",4.9,110,"","Tourist attractions","Tourist attractions"
"Sky Musandam Tourism","Alphamed Building ,Office 304 ,Next to Max Showroom Abuhail Centre - Dubai - United Arab Emirates","+971 52 565 1983","musandamtourpackage@gmail.com",25.2796458,55.3450546,"https://musandamtourpackage.com/","United Arab Emirates","Dubai","Dubai",4.3,57,"","Tourist attractions","Tourist attractions"
"Desert Safari Dubai","4JVV+C6J - Dubai - United Arab Emirates","+971 58 804 8546","shasratjan@yahoo.com",25.1435773,55.6430031,"https://desertsafaridubaibook.com/","United Arab Emirates","Dubai","Dubai",4.2,85,"","Tourist attractions","Tourist attractions"
